Number Of Executions, Total Milliseconds,  Milliseconds per execution, Type
     1,      0,     0.00, "Query.fromType(org.jboss.windup.rules.apps.javaee.model.DataSourceModel).gremlin().has(isXA,EQUALS,false).as(default)"
     1,      0,     0.00, "Query.fromType(org.jboss.windup.rules.apps.java.model.JarArchiveModel).gremlin().has(fileName,REGEX,.*hibernate.*\.jar$).as(default)"
     1,      0,     0.00, "Query.fromType(org.jboss.windup.reporting.model.TechnologyTagModel).gremlin().has(name,EQUALS,Hibernate OGM (embedded)).as(default)"
     1,      0,     0.00, "Query.fromType(org.jboss.windup.reporting.model.TechnologyTagModel).gremlin().has(name,EQUALS,Petals EIP (embedded)).as(default)"
     1,      1,     1.00, "Query.fromType(org.jboss.windup.reporting.model.TechnologyTagModel).gremlin().has(name,EQUALS,Derby Driver).as(default)"
     1,      0,     0.00, "Query.fromType(org.jboss.windup.reporting.model.TechnologyTagModel).gremlin().has(name,EQUALS,Apache Ignite (embedded)).as(default)"
     1,     21,    21.00, sortDependencyGroupArchivesByPathAscending
     2,      0,     0.00, "Query.fromType(org.jboss.windup.rules.apps.javaee.model.DataSourceModel).gremlin().has(isXA,EQUALS,true).as(default)"
     1,    130,   130.00, "FreeMarkerIterationOperation.render(/reports/templates/source.ftl, patternfly_additions_css_map.html)"
     1,      0,     0.00, Query.as(7d980e35-5a17-44f8-905c-6a706b6892be)
     1,      0,     0.00, "Query.fromType(org.jboss.windup.reporting.model.TechnologyTagModel).gremlin().has(name,EQUALS,Clustering Web Session).as(default)"
     1,      0,     0.00, "Query.fromType(org.jboss.windup.reporting.model.TechnologyTagModel).gremlin().has(name,EQUALS,RabbitMQ Client (embedded)).as(default)"
     1,      0,     0.00, "Query.fromType(org.jboss.windup.reporting.model.TechnologyTagModel).gremlin().has(name,EQUALS,GFC Logging (embedded)).as(default)"
     1,      0,     0.00, "Query.fromType(org.jboss.windup.reporting.model.TechnologyTagModel).gremlin().has(name,EQUALS,ShiftOne (embedded)).as(default)"
     1,      0,     0.00, "Query.fromType(org.jboss.windup.reporting.model.TechnologyTagModel).gremlin().has(name,EQUALS,Jamon (embedded)).as(default)"
     1,    419,   419.00, "FreeMarkerIterationOperation.render(/reports/templates/source.ftl, CartEndpoint_java.html)"
   164,    270,     1.65, "TypeReferenceService.createTypeReference(fileModel,location,lineNumber,columnNumber,length,source)"
     1,      0,     0.00, Query.as(6ce173f8-c6cd-4c4b-a588-c3a2893808fa)
     1,      1,     1.00, "Query.fromType(org.jboss.windup.reporting.model.TechnologyTagModel).gremlin().has(name,EQUALS,HavaRunner (embedded)).as(default)"
     1,      0,     0.00, "Query.fromType(org.jboss.windup.reporting.model.TechnologyTagModel).gremlin().has(name,EQUALS,WSS4J (embedded)).as(default)"
     1,      0,     0.00, "Query.fromType(org.jboss.windup.rules.apps.java.model.WindupJavaConfigurationModel).gremlin().has(classNotFoundAnalysisEnabled,EQUALS,true).as(default)"
     1,      0,     0.00, "Query.fromType(org.jboss.windup.reporting.model.TechnologyTagModel).gremlin().has(name,EQUALS,Google Guice (embedded)).as(default)"
     1,      0,     0.00, "Query.fromType(org.jboss.windup.reporting.model.TechnologyTagModel).gremlin().has(name,EQUALS,JSON-B).as(default)"
     1,      0,     0.00, "Query.fromType(org.jboss.windup.reporting.model.TechnologyTagModel).gremlin().has(name,EQUALS,Istio (embedded)).as(default)"
     1,      0,     0.00, "Query.fromType(org.jboss.windup.reporting.model.TechnologyTagModel).gremlin().has(name,EQUALS,Zbus Client (embedded)).as(default)"
     2,    315,   157.50, sortTechUsageStats
     1,      0,     0.00, "Query.fromType(org.jboss.windup.reporting.model.TechnologyTagModel).gremlin().has(name,EQUALS,Orion Web XML).as(default)"
     1,      0,     0.00, "Query.fromType(org.jboss.windup.reporting.model.TechnologyTagModel).gremlin().has(name,EQUALS,MinLog (embedded)).as(default)"
     1,      0,     0.00, "Query.fromType(org.jboss.windup.reporting.model.TechnologyTagModel).gremlin().has(name,EQUALS,H2 Driver).as(default)"
     1,     31,    31.00, "FreeMarkerIterationOperation.render(/reports/templates/source.ftl, weblogic_ejb_jar_xml.html)"
     1,     58,    58.00, "FreeMarkerIterationOperation.render(/reports/templates/source.ftl, bootstrap_datepicker_min_css_map.html)"
     1,      1,     1.00, "Query.fromType(org.jboss.windup.reporting.model.TechnologyTagModel).gremlin().has(name,EQUALS,OWASP CSRF Guard (embedded)).as(default)"
     1,    478,   478.00, "FreeMarkerIterationOperation.render(/reports/templates/migration-issues.ftl, migration_issues.html)"
     1,    347,   347.00, "FreeMarkerIterationOperation.render(/reports/templates/about_windup.ftl, about_global.html)"
     1,     12,    12.00, Query.fromType(org.jboss.windup.rules.apps.javaee.model.JaxRSWebServiceModel).as(default)
    52,     48,     0.92, abstractGetPrettyPathForFile
     1,    410,   410.00, "FreeMarkerIterationOperation.render(/reports/templates/source.ftl, bootstrap_select_js_map.html)"
     1,      0,     0.00, "Query.fromType(org.jboss.windup.reporting.model.TechnologyTagModel).gremlin().has(name,EQUALS,XMLUnit (embedded)).as(default)"
     1,      0,     0.00, "Query.gremlin().has(referenceType,CONTAINS_ANY_TOKEN,[ANNOTATION]).as(5df5a2f7-9e61-4b17-a559-eaaab30ef269)"
     1,      0,     0.00, "Query.fromType(org.jboss.windup.reporting.model.TechnologyTagModel).gremlin().has(name,EQUALS,Rythm Template Engine (embedded)).as(default)"
     1,      0,     0.00, "Query.fromType(org.jboss.windup.reporting.model.TechnologyTagModel).gremlin().has(name,EQUALS,iLog (embedded)).as(default)"
     1,      0,     0.00, "Query.fromType(org.jboss.windup.reporting.model.TechnologyTagModel).gremlin().has(name,EQUALS,Monolog (embedded)).as(default)"
     1,      0,     0.00, Query.fromType(org.jboss.windup.graph.model.DuplicateArchiveModel).as(default)
     1,      0,     0.00, "Query.fromType(org.jboss.windup.reporting.model.TechnologyTagModel).gremlin().has(name,EQUALS,Geronimo JTA (embedded)).as(default)"
     1,      0,     0.00, "Query.fromType(org.jboss.windup.reporting.model.TechnologyTagModel).gremlin().has(name,EQUALS,Spring Integration (embedded)).as(default)"
     1,    484,   484.00, FernflowerDecompilationOperation.perform
     1,      0,     0.00, "Query.fromType(org.jboss.windup.reporting.model.TechnologyTagModel).gremlin().has(name,EQUALS,Keyczar (embedded)).as(default)"
     1,      0,     0.00, "Query.fromType(org.jboss.windup.reporting.model.TechnologyTagModel).gremlin().has(name,EQUALS,Java Transaction API (embedded)).as(default)"
     1,      1,     1.00, "Query.fromType(org.jboss.windup.reporting.model.TechnologyTagModel).gremlin().has(name,EQUALS,Tornado Inject (embedded)).as(default)"
     1,      0,     0.00, "Query.fromType(org.jboss.windup.reporting.model.TechnologyTagModel).gremlin().has(name,EQUALS,XACML (embedded)).as(default)"
     1,      0,     0.00, "Query.fromType(org.jboss.windup.reporting.model.TechnologyTagModel).gremlin().has(name,EQUALS,Handlebars (embedded)).as(default)"
     1,      0,     0.00, "Query.fromType(org.jboss.windup.rules.apps.javaee.model.EjbSessionBeanModel).gremlin().has(sessionType,EQUALS,Stateful).as(default)"
     1,      0,     0.00, "Query.fromType(org.jboss.windup.reporting.model.TechnologyTagModel).gremlin().has(name,EQUALS,Cactus (embedded)).as(default)"
    28,    283,    10.11, ClassFilePreDecompilationScan.perform()
     1,      0,     0.00, "Query.fromType(org.jboss.windup.reporting.model.TechnologyTagModel).gremlin().has(name,EQUALS,KumuluzEE JTA (embedded)).as(default)"
     2,      0,     0.00, Query.fromType(org.jboss.windup.rules.apps.javaee.model.JspSourceFileModel).as(default)
     1,      0,     0.00, "Query.fromType(org.jboss.windup.reporting.model.TechnologyTagModel).gremlin().has(name,EQUALS,JBoss Web XML).as(default)"
    92,      1,     0.01, GraphService.findAllByProperty(qualifiedName)
     1,      0,     0.00, Query.fromType(org.jboss.windup.rules.apps.javaee.model.JsfSourceFileModel).as(default)
     1,      1,     1.00, "Query.fromType(org.jboss.windup.reporting.model.TechnologyTagModel).gremlin().has(name,EQUALS,PicoContainer (embedded)).as(default)"
     1,      0,     0.00, "Query.fromType(org.jboss.windup.reporting.model.TechnologyTagModel).gremlin().has(name,EQUALS,Mycontainer JTA (embedded)).as(default)"
     1,      0,     0.00, "Query.fromType(org.jboss.windup.reporting.model.TechnologyTagModel).gremlin().has(name,EQUALS,SwitchYard (embedded)).as(default)"
     1,      0,     0.00, "Query.fromType(org.jboss.windup.reporting.model.TechnologyTagModel).gremlin().has(name,EQUALS,EJB XML).as(default)"
     1,      0,     0.00, "Query.fromType(org.jboss.windup.rules.apps.java.model.JarArchiveModel).gremlin().has(fileName,REGEX,.*jdbc.*\.jar$).as(default)"
     1,      0,     0.00, "Query.fromType(org.jboss.windup.reporting.model.TechnologyTagModel).gremlin().has(name,EQUALS,LevelDB Client).as(default)"
     1,      0,     0.00, "Query.fromType(org.jboss.windup.reporting.model.TechnologyTagModel).gremlin().has(name,EQUALS,RichFaces (embedded)).as(default)"
     1,      5,     5.00, getArchiveSHA1ToPathMapper
  3077,     29,     0.01, GraphService.findAllByProperty(filePath)
     1,      0,     0.00, "Query.fromType(org.jboss.windup.reporting.model.TechnologyTagModel).gremlin().has(name,EQUALS,Neo4j (embedded)).as(default)"
     1,      0,     0.00, "Query.fromType(org.jboss.windup.reporting.model.TechnologyTagModel).gremlin().has(name,EQUALS,Apache Santuario (embedded)).as(default)"
     1,      0,     0.00, "Query.fromType(org.jboss.windup.reporting.model.TechnologyTagModel).gremlin().has(name,EQUALS,Apache Sirona JTA (embedded)).as(default)"
     1,      1,     1.00, "Query.gremlin().has(referenceType,CONTAINS_ANY_TOKEN,[ANNOTATION]).as(1ac3311f-ddf9-4b78-ae7a-ca017d79025b)"
     1,      0,     0.00, "Query.fromType(org.jboss.windup.reporting.model.TechnologyTagModel).gremlin().has(name,EQUALS,Spring Security (embedded)).as(default)"
     1,      0,     0.00, "Query.fromType(org.jboss.windup.reporting.model.TechnologyTagModel).gremlin().has(name,EQUALS,JBehave (embedded)).as(default)"
     1,     53,    53.00, "FreeMarkerIterationOperation.render(/reports/templates/source.ftl, jquery_slim_min_map.html)"
     1,      0,     0.00, "Query.fromType(org.jboss.windup.reporting.model.TechnologyTagModel).gremlin().has(name,EQUALS,Logstash (embedded)).as(default)"
     1,     58,    58.00, "FreeMarkerIterationOperation.render(/reports/templates/source.ftl, bootstrap_datepicker_css_map.html)"
     1,      0,     0.00, "Query.fromType(org.jboss.windup.reporting.model.TechnologyTagModel).gremlin().has(name,EQUALS,Spock (embedded)).as(default)"
     1,      0,     0.00, "Query.fromType(org.jboss.windup.rules.apps.java.model.JarArchiveModel).gremlin().has(fileName,REGEX,.*teiid.*\.jar$).as(default)"
     1,      0,     0.00, "Query.fromType(org.jboss.windup.reporting.model.TechnologyTagModel).gremlin().has(name,EQUALS,0MQ Client (embedded)).as(default)"
     1,      0,     0.00, "Query.fromType(org.jboss.windup.reporting.model.TechnologyTagModel).gremlin().has(name,EQUALS,Elasticsearch (embedded)).as(default)"
     1,     49,    49.00, "FreeMarkerIterationOperation.render(/reports/templates/about_windup.ftl, about_coolstore_monolith.html)"
     1,      0,     0.00, "Query.fromType(org.jboss.windup.reporting.model.TechnologyTagModel).gremlin().has(name,EQUALS,Servlet).as(default)"
     1,    215,   215.00, getTechnologyTagsForProjectTraversal
     1,      0,     0.00, "Query.fromType(org.jboss.windup.reporting.model.TechnologyTagModel).gremlin().has(name,EQUALS,Cloudera (embedded)).as(default)"
     1,      0,     0.00, "Query.fromType(org.jboss.windup.reporting.model.TechnologyTagModel).gremlin().has(name,EQUALS,Ehcache (embedded)).as(default)"
     1,      0,     0.00, "Query.fromType(org.jboss.windup.reporting.model.TechnologyTagModel).gremlin().has(name,EQUALS,Apache Meecrowave JTA (embedded)).as(default)"
     1,     49,    49.00, "FreeMarkerIterationOperation.render(/reports/templates/dependency_graph.ftl, dependency_graph_report.html)"
     1,      0,     0.00, "Query.fromType(org.jboss.windup.reporting.model.TechnologyTagModel).gremlin().has(name,EQUALS,AspectJ (embedded)).as(default)"
     1,      2,     2.00, "Query.fromType(org.jboss.windup.reporting.model.TechnologyTagModel).gremlin().has(name,EQUALS,Guava Testing (embedded)).as(default)"
     1,      0,     0.00, "Query.fromType(org.jboss.windup.reporting.model.TechnologyTagModel).gremlin().has(name,EQUALS,Jersey (embedded)).as(default)"
     1,      0,     0.00, "Query.fromType(org.jboss.windup.reporting.model.TechnologyTagModel).gremlin().has(name,EQUALS,JBossMQ Client (embedded)).as(default)"
     1,      0,     0.00, "Query.fromType(org.jboss.windup.reporting.model.TechnologyTagModel).gremlin().has(name,EQUALS,MRules (embedded)).as(default)"
     1,      0,     0.00, "Query.fromType(org.jboss.windup.reporting.model.TechnologyTagModel).gremlin().has(name,EQUALS,Spring Data (embedded)).as(default)"
     1,      2,     2.00, Query.as(a083b908-94c7-4fac-81d2-5d1585b9f02d)
     1,      3,     3.00, Query.fromType(org.jboss.windup.rules.apps.java.model.project.MavenProjectModel).as(default)
     1,      0,     0.00, "Query.fromType(org.jboss.windup.reporting.model.TechnologyTagModel).gremlin().has(name,EQUALS,RocketMQ Client (embedded)).as(default)"
     1,      0,     0.00, "Query.gremlin().has(referenceType,CONTAINS_ANY_TOKEN,[IMPORT]).as(4f78b87a-6c7d-41a0-b6f4-7cfe192df55c)"
     1,      0,     0.00, Query.fromType(org.jboss.windup.rules.apps.javaee.model.EjbSessionBeanModel).as(default)
     1,      0,     0.00, Query.fromType(org.jboss.windup.rules.apps.java.model.JavaSourceFileModel).as(default)
     1,      0,     0.00, "Query.fromType(org.jboss.windup.rules.apps.javaee.model.EjbSessionBeanModel).gremlin().has(sessionType,EQUALS,Stateless).as(default)"
     1,    183,   183.00, "FreeMarkerIterationOperation.render(/reports/templates/source.ftl, OrderServiceMDB_java.html)"
     1,      0,     0.00, "Query.fromType(org.jboss.windup.reporting.model.TechnologyTagModel).gremlin().has(name,EQUALS,Velocity (embedded)).as(default)"
     1,      1,     1.00, "Query.fromType(org.jboss.windup.reporting.model.TechnologyTagModel).gremlin().has(name,EQUALS,Oracle DB Driver).as(default)"
     1,      0,     0.00, "Query.gremlin().has(referenceType,CONTAINS_ANY_TOKEN,[METHOD_CALL]).as(0ae8a6ae-48d1-4f40-9fd8-4a16a5308010)"
     1,      0,     0.00, "Query.fromType(org.jboss.windup.reporting.model.TechnologyTagModel).gremlin().has(name,EQUALS,WebSphere WS Extension).as(default)"
     1,      2,     2.00, Query.fromType(org.jboss.windup.graph.model.ArchiveModel).gremlin()org.jboss.windup.config.query.Query$1@7bd04aa6.as(default)
     1,     43,    43.00, "FreeMarkerIterationOperation.render(/reports/templates/source.ftl, Order_java.html)"
     1,      1,     1.00, "Query.fromType(org.jboss.windup.reporting.model.TechnologyTagModel).gremlin().has(name,EQUALS,Narayana Arjuna (embedded)).as(default)"
     1,      0,     0.00, "Query.fromType(org.jboss.windup.reporting.model.TechnologyTagModel).gremlin().has(name,EQUALS,Apache Axis (embedded)).as(default)"
     1,      0,     0.00, "Query.fromType(org.jboss.windup.reporting.model.TechnologyTagModel).gremlin().has(name,EQUALS,Apache Wicket (embedded)).as(default)"
     1,      0,     0.00, "Query.fromType(org.jboss.windup.reporting.model.TechnologyTagModel).gremlin().has(name,EQUALS,REST Assured (embedded)).as(default)"
     1,      1,     1.00, "Query.fromType(org.jboss.windup.rules.apps.java.model.JarArchiveModel).gremlin().has(fileName,REGEX,jboss-seam.*\.jar$).as(default)"
     1,    791,   791.00, "FreeMarkerIterationOperation.render(/reports/templates/techReport-boxes.ftl, techReport_coolstore_monolith.html)"
     1,      0,     0.00, "Query.fromType(org.jboss.windup.reporting.model.TechnologyTagModel).gremlin().has(name,EQUALS,OmniFaces (embedded)).as(default)"
     1,      2,     2.00, "Query.fromType(org.jboss.windup.reporting.model.TechnologyTagModel).gremlin().has(name,EQUALS,Apache Geronimo (embedded)).as(default)"
     1,     60,    60.00, "FreeMarkerIterationOperation.render(/reports/templates/source.ftl, ProductService_java.html)"
     1,      0,     0.00, "Query.fromType(org.jboss.windup.reporting.model.TechnologyTagModel).gremlin().has(name,EQUALS,GlassFish JTA (embedded)).as(default)"
     1,      0,     0.00, "Query.fromType(org.jboss.windup.reporting.model.TechnologyTagModel).gremlin().has(name,EQUALS,Hibernate (embedded)).as(default)"
     1,      0,     0.00, "Query.fromType(org.jboss.windup.graph.model.WindupConfigurationModel).gremlin().has(csv,EQUALS,true).as(default)"
     1,      0,     0.00, "Query.fromType(org.jboss.windup.reporting.model.TechnologyTagModel).gremlin().has(name,EQUALS,PicketLink (embedded)).as(default)"
     1,    198,   198.00, "FreeMarkerIterationOperation.render(/reports/templates/source.ftl, angular_min_js_map.html)"
     1,      0,     0.00, "Query.gremlin().has(referenceType,CONTAINS_ANY_TOKEN,[ANNOTATION]).as(ed5b8df5-8759-468d-8eb9-6ceb23474ded)"
     1,      1,     1.00, "Query.fromType(org.jboss.windup.reporting.model.TechnologyTagModel).gremlin().has(name,EQUALS,Axion Driver).as(default)"
     1,      0,     0.00, Query.fromType(org.jboss.windup.rules.apps.javaee.model.JmsDestinationModel).as(default)
     1,      0,     0.00, "Query.fromType(org.jboss.windup.reporting.model.TechnologyTagModel).gremlin().has(name,EQUALS,EAR).as(default)"
     1,      0,     0.00, "Query.fromType(org.jboss.windup.reporting.model.TechnologyTagModel).gremlin().has(name,EQUALS,KLogger (embedded)).as(default)"
     2,      1,     0.50, "Query.fromType(org.jboss.windup.reporting.model.TechnologyTagModel).gremlin().has(name,EQUALS,Spark (embedded)).as(default)"
     1,      0,     0.00, "Query.fromType(org.jboss.windup.reporting.model.TechnologyTagModel).gremlin().has(name,EQUALS,SLF4J (embedded)).as(default)"
     1,      0,     0.00, "Query.fromType(org.jboss.windup.reporting.model.TechnologyTagModel).gremlin().has(name,EQUALS,Lumberjack (embedded)).as(default)"
     1,      0,     0.00, "Query.fromType(org.jboss.windup.reporting.model.TechnologyTagModel).gremlin().has(name,EQUALS,HornetQ Client (embedded)).as(default)"
     1,    106,   106.00, "FreeMarkerIterationOperation.render(/reports/templates/source.ftl, web_xml.html)"
     1,      0,     0.00, "Query.fromType(org.jboss.windup.reporting.model.TechnologyTagModel).gremlin().has(name,EQUALS,OpenWS (embedded)).as(default)"
     1,     62,    62.00, "FreeMarkerIterationOperation.render(/reports/templates/jpa.ftl, jpa_coolstore_monolith.html)"
     1,     68,    68.00, "FreeMarkerIterationOperation.render(/reports/templates/source.ftl, sizzle_min_map.html)"
     1,      0,     0.00, "Query.fromType(org.jboss.windup.reporting.model.TechnologyTagModel).gremlin().has(name,EQUALS,Apache HBase Client).as(default)"
     2,     55,    27.50, "TypeReferenceService.getPackageUseFrequencies(projectModel,nameDepth,recursive)"
     1,      3,     3.00, "Query.fromType(org.jboss.windup.rules.apps.xml.model.XmlFileModel).gremlin().has(fileName,EQUALS,ibm-ejb-jar-ext.xmi).has(rootTagName,EQUALS,EJBJarExtension).as(default)"
     1,      0,     0.00, "Query.fromType(org.jboss.windup.reporting.model.TechnologyTagModel).gremlin().has(name,EQUALS,JSecurity (embedded)).as(default)"
     1,      0,     0.00, "Query.fromType(org.jboss.windup.reporting.model.TechnologyTagModel).gremlin().has(name,EQUALS,Play (embedded)).as(default)"
     1,      0,     0.00, "Query.fromType(org.jboss.windup.reporting.model.TechnologyTagModel).gremlin().has(name,EQUALS,PrimeFaces (embedded)).as(default)"
     1,      0,     0.00, Query.as(6c662bd5-07e3-4cf1-ad28-19aec7757191)
     1,      0,     0.00, "Query.fromType(org.jboss.windup.reporting.model.TechnologyTagModel).gremlin().has(name,EQUALS,Kodein (embedded)).as(default)"
     1,      0,     0.00, Query.fromType(org.jboss.windup.rules.apps.java.archives.model.IdentifiedArchiveModel).as(default)
     1,      0,     0.00, "Query.fromType(org.jboss.windup.reporting.model.TechnologyTagModel).gremlin().has(name,EQUALS,Apache CXF (embedded)).as(default)"
     1,      0,     0.00, "Query.fromType(org.jboss.windup.reporting.model.TechnologyTagModel).gremlin().has(name,EQUALS,Spring Transactions (embedded)).as(default)"
     1,      1,     1.00, "Query.fromType(org.jboss.windup.reporting.model.TechnologyTagModel).gremlin().has(name,EQUALS,MongoDB Client).as(default)"
     1,     21,    21.00, sortDependencyArchivesByPathAscending
     1,      0,     0.00, "Query.fromType(org.jboss.windup.reporting.model.TechnologyTagModel).gremlin().has(name,EQUALS,JAXR).as(default)"
     1,      0,     0.00, "Query.fromType(org.jboss.windup.rules.apps.java.model.JarArchiveModel).gremlin().has(fileName,REGEX,.*jsf-[(api)|(impl)].*\.jar$).as(default)"
     1,      0,     0.00, "Query.fromType(org.jboss.windup.reporting.model.TechnologyTagModel).gremlin().has(name,EQUALS,Arquillian (embedded)).as(default)"
     1,     10,    10.00, Query.fromType(org.jboss.windup.rules.apps.xml.model.XmlFileModel).as(default)
     1,      0,     0.00, Query.fromType(org.jboss.windup.rules.apps.xml.model.DoctypeMetaModel).gremlin()org.jboss.windup.rules.apps.javaee.rules.DiscoverHibernateMappingRuleProvider$1@6708524c.as(default)
     1,      0,     0.00, "Query.fromType(org.jboss.windup.reporting.model.TechnologyTagModel).gremlin().has(name,EQUALS,CDI).as(default)"
    11,      1,     0.09, org.jboss.windup.reporting.config.HasHint
     1,      0,     0.00, "Query.fromType(org.jboss.windup.reporting.model.TechnologyTagModel).gremlin().has(name,EQUALS,Dagger (embedded)).as(default)"
     1,      0,     0.00, "Query.fromType(org.jboss.windup.reporting.model.TechnologyTagModel).gremlin().has(name,EQUALS,AMQP Client (embedded)).as(default)"
     1,      0,     0.00, "Query.fromType(org.jboss.windup.reporting.model.TechnologyTagModel).gremlin().has(name,EQUALS,EasyMock (embedded)).as(default)"
     1,      0,     0.00, "Query.fromType(org.jboss.windup.reporting.model.TechnologyTagModel).gremlin().has(name,EQUALS,Swagger (embedded)).as(default)"
     1,      0,     0.00, "Query.fromType(org.jboss.windup.rules.apps.xml.model.NamespaceMetaModel).gremlin().has(namespaceURI,EQUALS,http://java.sun.com/xml/ns/persistence).as(default)"
     1,      4,     4.00, Query.fromType(org.jboss.windup.rules.apps.javaee.model.CssFileModel).as(default)
     1,      0,     0.00, "Query.fromType(org.jboss.windup.reporting.model.TechnologyTagModel).gremlin().has(name,EQUALS,Tomcat (embedded)).as(default)"
     1,      0,     0.00, "Query.fromType(org.jboss.windup.reporting.model.TechnologyTagModel).gremlin().has(name,EQUALS,Demoiselle JTA (embedded)).as(default)"
     1,     42,    42.00, "FreeMarkerIterationOperation.render(/reports/templates/source.ftl, font_awesome_css_map.html)"
     1,      0,     0.00, "Query.fromType(org.jboss.windup.reporting.model.TechnologyTagModel).gremlin().has(name,EQUALS,PicketBox (embedded)).as(default)"
     1,      0,     0.00, "Query.fromType(org.jboss.windup.reporting.model.TechnologyTagModel).gremlin().has(name,EQUALS,Apache Shiro (embedded)).as(default)"
     1,     61,    61.00, "FreeMarkerIterationOperation.render(/reports/templates/source.ftl, bootstrap_theme_css_map.html)"
     1,     50,    50.00, "FreeMarkerIterationOperation.render(/reports/templates/source.ftl, pom_xml.5.html)"
     1,      1,     1.00, "Query.fromType(org.jboss.windup.reporting.model.TechnologyTagModel).gremlin().has(name,EQUALS,JMustache (embedded)).as(default)"
     1,      3,     3.00, "Query.fromType(org.jboss.windup.rules.apps.xml.model.XmlFileModel).gremlin().has(fileName,EQUALS,pom.xml).as(default)"
     1,      1,     1.00, "Query.fromType(org.jboss.windup.reporting.model.TechnologyTagModel).gremlin().has(name,EQUALS,RandomizedTesting Runner (embedded)).as(default)"
     1,      0,     0.00, "Query.fromType(org.jboss.windup.reporting.model.TechnologyTagModel).gremlin().has(name,EQUALS,JDBC (embedded)).as(default)"
     1,      0,     0.00, "Query.fromType(org.jboss.windup.reporting.model.TechnologyTagModel).gremlin().has(name,EQUALS,Drools (embedded)).as(default)"
     1,      0,     0.00, "Query.fromType(org.jboss.windup.reporting.model.TechnologyTagModel).gremlin().has(name,EQUALS,JBoss EJB XML).as(default)"
     1,      0,     0.00, "Query.fromType(org.jboss.windup.reporting.model.TechnologyTagModel).gremlin().has(name,EQUALS,Blitz4j (embedded)).as(default)"
     1,     42,    42.00, "FreeMarkerIterationOperation.render(/reports/templates/source.ftl, ShippingService_java.html)"
     1,      0,     0.00, Query.fromType(org.jboss.windup.rules.apps.java.model.WindupJavaConfigurationModel).as(default)
     1,      0,     0.00, "Query.fromType(org.jboss.windup.reporting.model.TechnologyTagModel).gremlin().has(name,EQUALS,JAXB).as(default)"
     1,      0,     0.00, Query.fromType(org.jboss.windup.rules.apps.javaee.model.RemoteServiceModel).as(default)
     1,     69,    69.00, "FreeMarkerIterationOperation.render(/reports/templates/source.ftl, angular_animate_min_js_map.html)"
     1,      0,     0.00, "Query.fromType(org.jboss.windup.reporting.model.TechnologyTagModel).gremlin().has(name,EQUALS,Easy Rules (embedded)).as(default)"
     1,      0,     0.00, "Query.fromType(org.jboss.windup.reporting.model.TechnologyTagModel).gremlin().has(name,EQUALS,Properties).as(default)"
     1,      4,     4.00, "Query.fromType(org.jboss.windup.rules.apps.xml.model.XmlFileModel).gremlin().has(rootTagName,EQUALS,datasources).as(default)"
     1,      1,     1.00, "Query.fromType(org.jboss.windup.reporting.model.TechnologyTagModel).gremlin().has(name,EQUALS,Polyforms DI (embedded)).as(default)"
     1,      0,     0.00, "Query.fromType(org.jboss.windup.reporting.model.TechnologyTagModel).gremlin().has(name,EQUALS,JFreeChart (embedded)).as(default)"
     1,     98,    98.00, "FreeMarkerIterationOperation.render(/reports/templates/source.ftl, MANIFEST_MF.html)"
     1,    135,   135.00, Query.fromType(org.jboss.windup.graph.model.resource.FileModel).as(default)
     1,     49,    49.00, "FreeMarkerIterationOperation.render(/reports/templates/ignored_files.ftl, ignoredfiles_coolstore_monolith.html)"
     1,      0,     0.00, "Query.fromType(org.jboss.windup.reporting.model.TechnologyTagModel).gremlin().has(name,EQUALS,BootsFaces (embedded)).as(default)"
   682,     10,     0.01, TypeInterestFactory.matchesAny(text).manualSearch
     1,      6,     6.00, "Query.fromType(org.jboss.windup.rules.apps.xml.model.XmlFileModel).gremlin().has(fileName,EQUALS,ibm-ejb-jar-bnd.xmi).has(rootTagName,EQUALS,EJBJarBinding).as(default)"
     1,      0,     0.00, "Query.fromType(org.jboss.windup.reporting.model.TechnologyTagModel).gremlin().has(name,EQUALS,JCache (embedded)).as(default)"
     1,      0,     0.00, "Query.fromType(org.jboss.windup.reporting.model.TechnologyTagModel).gremlin().has(name,EQUALS,MapR (embedded)).as(default)"
     1,     27,    27.00, "FreeMarkerIterationOperation.render(/reports/templates/embedded.ftl, tattletale_coolstore_monolith.html)"
     1,      0,     0.00, Query.as(4c56616b-de51-411c-badf-0991ce80f671)
  1161,     15,     0.01, TypeInterestFactory.matchesAny(text)
   553,     67,     0.12, GraphService.findAllByProperty(name)
     1,      2,     2.00, "Query.fromType(org.jboss.windup.rules.apps.xml.model.XmlFileModel).gremlin().has(rootTagName,EQUALS,orion-ejb-jar).as(default)"
     1,      0,     0.00, "Query.fromType(org.jboss.windup.reporting.model.TechnologyTagModel).gremlin().has(name,EQUALS,ServiceMix (embedded)).as(default)"
     1,      0,     0.00, "Query.fromType(org.jboss.windup.reporting.model.TechnologyTagModel).gremlin().has(name,EQUALS,MEJB).as(default)"
     1,      0,     0.00, Query.fromType(org.jboss.windup.rules.apps.java.ip.HardcodedIPLocationModel).as(default)
     1,     22,    22.00, "Query.fromType(org.jboss.windup.rules.apps.javaee.model.EjbSessionBeanModel).gremlin().has(sessionType,EQUALS,Singleton).as(default)"
    80,      3,     0.04, fileModelToSourceReport
    28,      0,     0.00, getEffortDescriptionForPoints
     1,      0,     0.00, "Query.fromType(org.jboss.windup.reporting.model.TechnologyTagModel).gremlin().has(name,EQUALS,KouInject (embedded)).as(default)"
     1,     46,    46.00, "FreeMarkerIterationOperation.render(/reports/templates/source.ftl, bootstrap_datepicker_standalone_css_map.html)"
     1,      0,     0.00, sortApplicationsList
     1,      1,     1.00, "Query.fromType(org.jboss.windup.reporting.model.TechnologyTagModel).gremlin().has(name,EQUALS,Cucumber (embedded)).as(default)"
     1,     37,    37.00, "FreeMarkerIterationOperation.render(/reports/templates/source.ftl, bootstrap_theme_min_css_map.html)"
     1,      0,     0.00, Query.fromType(org.jboss.windup.rules.apps.javaee.model.JPAPersistenceUnitModel).as(default)
     1,      0,     0.00, "Query.fromType(org.jboss.windup.reporting.model.TechnologyTagModel).gremlin().has(name,EQUALS,Java EE Batch API).as(default)"
     1,      0,     0.00, "Query.fromType(org.jboss.windup.reporting.model.TechnologyTagModel).gremlin().has(name,EQUALS,Restito (embedded)).as(default)"
     1,      0,     0.00, "Query.fromType(org.jboss.windup.reporting.model.TechnologyTagModel).gremlin().has(name,EQUALS,WF Core JTA (embedded)).as(default)"
     1,      0,     0.00, "Query.fromType(org.jboss.windup.reporting.model.TechnologyTagModel).gremlin().has(name,EQUALS,OACC (embedded)).as(default)"
     1,      0,     0.00, "Query.fromType(org.jboss.windup.reporting.model.TechnologyTagModel).gremlin().has(name,EQUALS,OCPsoft Logging Utils (embedded)).as(default)"
     1,     65,    65.00, "FreeMarkerIterationOperation.render(/reports/templates/source.ftl, patternfly_min_css_map.html)"
     1,      0,     0.00, "Query.fromType(org.jboss.windup.reporting.model.TechnologyTagModel).gremlin().has(name,EQUALS,MySQL Driver).as(default)"
     1,     47,    47.00, "FreeMarkerIterationOperation.render(/reports/templates/source.ftl, bootstrap_select_css_map.1.html)"
     1,      1,     1.00, "Query.fromType(org.jboss.windup.reporting.model.TechnologyTagModel).gremlin().has(name,EQUALS,Scaldi (embedded)).as(default)"
     1,      0,     0.00, "Query.fromType(org.jboss.windup.reporting.model.TechnologyTagModel).gremlin().has(name,EQUALS,Winter (embedded)).as(default)"
     1,      0,     0.00, "Query.fromType(org.jboss.windup.reporting.model.TechnologyTagModel).gremlin().has(name,EQUALS,Composite Logging JCL (embedded)).as(default)"
     1,      0,     0.00, "Query.fromType(org.jboss.windup.rules.apps.javaee.model.JmsDestinationModel).gremlin().has(destinationType,EQUALS,QUEUE).as(default)"
     1,      3,     3.00, "Query.fromType(org.jboss.windup.rules.apps.xml.model.XmlFileModel).gremlin().has(rootTagName,EQUALS,ejb-jar).has(fileName,EQUALS,jboss-ejb3.xml).as(default)"
     1,      0,     0.00, "Query.fromType(org.jboss.windup.reporting.model.TechnologyTagModel).gremlin().has(name,EQUALS,Mule Functional Test Framework (embedded)).as(default)"
     1,      0,     0.00, "Query.fromType(org.jboss.windup.reporting.model.TechnologyTagModel).gremlin().has(name,EQUALS,Test Interface (embedded)).as(default)"
     1,      0,     0.00, "Query.fromType(org.jboss.windup.reporting.model.TechnologyTagModel).gremlin().has(name,EQUALS,Spring (embedded)).as(default)"
     1,      0,     0.00, "Query.fromType(org.jboss.windup.reporting.model.TechnologyTagModel).gremlin().has(name,EQUALS,Micro DI (embedded)).as(default)"
     1,      1,     1.00, getNumberOfLibraries
     1,     43,    43.00, "FreeMarkerIterationOperation.render(/reports/templates/source.ftl, bootstrap_datepicker_standalone_min_css_map.html)"
     1,      0,     0.00, "Query.fromType(org.jboss.windup.reporting.model.TechnologyTagModel).gremlin().has(name,EQUALS,Sticky Configured (embedded)).as(default)"
     1,      0,     0.00, "Query.fromType(org.jboss.windup.reporting.model.TechnologyTagModel).gremlin().has(name,EQUALS,Spring Boot (embedded)).as(default)"
     1,      1,     1.00, "Query.fromType(org.jboss.windup.reporting.model.TechnologyTagModel).gremlin().has(name,EQUALS,JayWire (embedded)).as(default)"
     5,      6,     1.20, Query.fromType(org.jboss.windup.graph.model.ArchiveModel).as(default)
     1,      0,     0.00, "Query.fromType(org.jboss.windup.reporting.model.TechnologyTagModel).gremlin().has(name,EQUALS,Anakia (embedded)).as(default)"
     1,      0,     0.00, "Query.fromType(org.jboss.windup.reporting.model.TechnologyTagModel).gremlin().has(name,EQUALS,OpenSAML (embedded)).as(default)"
     1,      0,     0.00, "Query.fromType(org.jboss.windup.reporting.model.TechnologyTagModel).gremlin().has(name,EQUALS,Logging to Socket Handler).as(default)"
     1,      0,     0.00, "Query.fromType(org.jboss.windup.reporting.model.TechnologyTagModel).gremlin().has(name,EQUALS,OWASP ESAPI (embedded)).as(default)"
     1,      0,     0.00, "Query.fromType(org.jboss.windup.reporting.model.TechnologyTagModel).gremlin().has(name,EQUALS,XFire (embedded)).as(default)"
     1,      1,     1.00, "Query.fromType(org.jboss.windup.reporting.model.TechnologyTagModel).gremlin().has(name,EQUALS,Unitils (embedded)).as(default)"
     4,     14,     3.50, Classification.performParameterized
     1,      0,     0.00, "Query.fromType(org.jboss.windup.reporting.model.TechnologyTagModel).gremlin().has(name,EQUALS,Qpid Client (embedded)).as(default)"
     1,      0,     0.00, Query.fromType(org.jboss.windup.rules.apps.javaee.model.HibernateEntityModel).as(default)
     1,      0,     0.00, "Query.fromType(org.jboss.windup.reporting.model.TechnologyTagModel).gremlin().has(name,EQUALS,JACC).as(default)"
     1,      0,     0.00, "Query.fromType(org.jboss.windup.reporting.model.TechnologyTagModel).gremlin().has(name,EQUALS,DVSL (embedded)).as(default)"
     1,      0,     0.00, "Query.fromType(org.jboss.windup.reporting.model.TechnologyTagModel).gremlin().has(name,EQUALS,tinylog (embedded)).as(default)"
     1,      0,     0.00, "Query.fromType(org.jboss.windup.reporting.model.TechnologyTagModel).gremlin().has(name,EQUALS,Injekt for Kotlin (embedded)).as(default)"
     1,      0,     0.00, GraphService.findAllByProperty(ejbBeanName)
  1488,    253,     0.17, GraphService.findAllByProperty(stats.name)
     1,     48,    48.00, "FreeMarkerIterationOperation.render(/reports/templates/source.ftl, ProductEndpoint_java.html)"
     1,      0,     0.00, "Query.fromType(org.jboss.windup.reporting.model.TechnologyTagModel).gremlin().has(name,EQUALS,Avalon Logkit (embedded)).as(default)"
     1,      0,     0.00, "Query.fromType(org.jboss.windup.reporting.model.TechnologyTagModel).gremlin().has(name,EQUALS,Logback (embedded)).as(default)"
     1,      0,     0.00, "Query.fromType(org.jboss.windup.reporting.model.TechnologyTagModel).gremlin().has(name,EQUALS,Dynacache (embedded)).as(default)"
     1,     15,    15.00, "FreeMarkerIterationOperation.render(/reports/templates/windupfreemarkerfunctions.ftl, windup_freemarkerfunctions.html)"
     1,      1,     1.00, "Query.fromType(org.jboss.windup.reporting.model.TechnologyTagModel).gremlin().has(name,EQUALS,Silk DI (embedded)).as(default)"
     1,     71,    71.00, "FreeMarkerIterationOperation.render(/reports/templates/source.ftl, InventoryEntity_java.html)"
     1,     43,    43.00, "FreeMarkerIterationOperation.render(/reports/templates/source.ftl, OrderItem_java.html)"
     1,      1,     1.00, "Query.fromType(org.jboss.windup.reporting.model.TechnologyTagModel).gremlin().has(name,EQUALS,Unirest (embedded)).as(default)"
     1,      5,     5.00, "Query.fromType(org.jboss.windup.rules.apps.xml.model.XmlFileModel).gremlin().has(rootTagName,EQUALS,weblogic-web-app).as(default)"
     1,      1,     1.00, "Query.fromType(org.jboss.windup.reporting.model.TechnologyTagModel).gremlin().has(name,EQUALS,Grapht DI (embedded)).as(default)"
     1,      2,     2.00, "Query.fromType(org.jboss.windup.rules.apps.xml.model.XmlFileModel).gremlin().has(rootTagName,EQUALS,web-app).has(fileName,NOT_EQUALS,geronimo-web.xml).as(default)"
     1,      0,     0.00, "Query.fromType(org.jboss.windup.reporting.model.TechnologyTagModel).gremlin().has(name,EQUALS,Camunda (embedded)).as(default)"
     1,      0,     0.00, "Query.fromType(org.jboss.windup.reporting.model.TechnologyTagModel).gremlin().has(name,EQUALS,Mixer (embedded)).as(default)"
     1,      0,     0.00, "Query.fromType(org.jboss.windup.reporting.model.TechnologyTagModel).gremlin().has(name,EQUALS,Teiid (embedded)).as(default)"
     1,      5,     5.00, "Query.fromType(org.jboss.windup.rules.apps.java.model.JarArchiveModel).gremlin().has(fileName,REGEX,.*myfaces-[(api)|(impl)|(bundle)].*\.jar$).as(default)"
     1,      0,     0.00, "Query.fromType(org.jboss.windup.reporting.model.TechnologyTagModel).gremlin().has(name,EQUALS,Common Annotations).as(default)"
     2,     19,     9.50, DiscoverPropertiesFilesRuleProvider.perform
     1,      1,     1.00, "Query.fromType(org.jboss.windup.reporting.model.TechnologyTagModel).gremlin().has(name,EQUALS,EtlUnit (embedded)).as(default)"
     1,      0,     0.00, "Query.fromType(org.jboss.windup.reporting.model.TechnologyTagModel).gremlin().has(name,EQUALS,Vaadin (embedded)).as(default)"
     1,      0,     0.00, "Query.fromType(org.jboss.windup.reporting.model.TechnologyTagModel).gremlin().has(name,EQUALS,Java EE Batch).as(default)"
     1,      0,     0.00, "Query.fromType(org.jboss.windup.reporting.model.TechnologyTagModel).gremlin().has(name,EQUALS,Specsy (embedded)).as(default)"
     1,      0,     0.00, "Query.fromType(org.jboss.windup.reporting.model.TechnologyTagModel).gremlin().has(name,EQUALS,JSTL (embedded)).as(default)"
     1,      0,     0.00, "Query.fromType(org.jboss.windup.reporting.model.TechnologyTagModel).gremlin().has(name,EQUALS,Evo JTA (embedded)).as(default)"
     1,      0,     0.00, "Query.fromType(org.jboss.windup.reporting.model.TechnologyTagModel).gremlin().has(name,EQUALS,Ka DI (embedded)).as(default)"
     1,   2165,  2165.00, org.jboss.windup.graph.GraphContextFactory.create(Path)
     1,      0,     0.00, "Query.fromType(org.jboss.windup.reporting.model.TechnologyTagModel).gremlin().has(name,EQUALS,JSF (embedded)).as(default)"
     2,      0,     0.00, getClassificationForFile
     1,      0,     0.00, "Query.fromType(org.jboss.windup.reporting.model.TechnologyTagModel).gremlin().has(name,EQUALS,OW2 JTA (embedded)).as(default)"
     1,     44,    44.00, "FreeMarkerIterationOperation.render(/reports/templates/source.ftl, DataBaseMigrationStartup_java.html)"
     1,      0,     0.00, "Query.fromType(org.jboss.windup.reporting.model.TechnologyTagModel).gremlin().has(name,EQUALS,Spring MVC (embedded)).as(default)"
     1,      0,     0.00, "Query.fromType(org.jboss.windup.reporting.model.TechnologyTagModel).gremlin().has(name,EQUALS,Portlet (embedded)).as(default)"
    32,     32,     1.00, GraphService.findAllByProperty(mavenIdentifier)
     1,      1,     1.00, "Query.fromType(org.jboss.windup.reporting.model.TechnologyTagModel).gremlin().has(name,EQUALS,Cfg Engine (embedded)).as(default)"
     1,    112,   112.00, "FreeMarkerIterationOperation.render(/reports/templates/source.ftl, bootstrap_css_map.html)"
     1,      0,     0.00, "Query.fromType(org.jboss.windup.reporting.model.TechnologyTagModel).gremlin().has(name,EQUALS,Webmacro (embedded)).as(default)"
     1,      0,     0.00, "Query.fromType(org.jboss.windup.reporting.model.TechnologyTagModel).gremlin().has(name,EQUALS,Oracle ADF (embedded)).as(default)"
     1,      0,     0.00, "Query.fromType(org.jboss.windup.reporting.model.TechnologyTagModel).gremlin().has(name,EQUALS,Apache Log4J (embedded)).as(default)"
     1,      0,     0.00, "Query.fromType(org.jboss.windup.reporting.model.TechnologyTagModel).gremlin().has(name,EQUALS,OPS4J Pax Logging Service (embedded)).as(default)"
     1,      0,     0.00, "Query.fromType(org.jboss.windup.reporting.model.TechnologyTagModel).gremlin().has(name,EQUALS,Hibernate Cfg).as(default)"
     1,      1,     1.00, Query.fromType(org.jboss.windup.rules.apps.javaee.model.HibernateConfigurationFileModel).as(default)
     1,      0,     0.00, Query.fromType(org.jboss.windup.rules.apps.xml.model.DoctypeMetaModel).gremlin()org.jboss.windup.rules.apps.javaee.rules.DiscoverHibernateConfigurationRuleProvider$1@5706db3d.as(default)
     1,      0,     0.00, "Query.fromType(org.jboss.windup.reporting.model.TechnologyTagModel).gremlin().has(name,EQUALS,AOP Alliance (embedded)).as(default)"
     1,     51,    51.00, "FreeMarkerIterationOperation.render(/reports/templates/source.ftl, patternfly_additions_min_css_map.html)"
     1,      1,     1.00, Query.fromType(org.jboss.windup.reporting.model.ApplicationReportModel).as(default)
     1,      0,     0.00, "Query.fromType(org.jboss.windup.reporting.model.TechnologyTagModel).gremlin().has(name,EQUALS,PowerMock (embedded)).as(default)"
     1,      1,     1.00, "Query.fromType(org.jboss.windup.reporting.model.TechnologyTagModel).gremlin().has(name,EQUALS,JMockit (embedded)).as(default)"
     1,     63,    63.00, "FreeMarkerIterationOperation.render(/reports/templates/source.ftl, bootstrap_select_css_map.html)"
   104,      4,     0.04, getMigrationEffortPointsForFile
     1,     71,    71.00, "FreeMarkerIterationOperation.render(/reports/templates/source.ftl, pom_properties.4.html)"
     1,      0,     0.00, "Query.fromType(org.jboss.windup.reporting.model.TechnologyTagModel).gremlin().has(name,EQUALS,Chunk Templates (embedded)).as(default)"
     1,      0,     0.00, "Query.fromType(org.jboss.windup.reporting.model.TechnologyTagModel).gremlin().has(name,EQUALS,MyFaces (embedded)).as(default)"
     1,      0,     0.00, "Query.fromType(org.jboss.windup.reporting.model.TechnologyTagModel).gremlin().has(name,EQUALS,Jetbrick Template (embedded)).as(default)"
     1,      0,     0.00, "Query.fromType(org.jboss.windup.reporting.model.TechnologyTagModel).gremlin().has(name,EQUALS,Mule (embedded)).as(default)"
     1,      0,     0.00, "Query.fromType(org.jboss.windup.reporting.model.TechnologyTagModel).gremlin().has(name,EQUALS,Apache Axis2 (embedded)).as(default)"
     1,      0,     0.00, "Query.fromType(org.jboss.windup.reporting.model.TechnologyTagModel).gremlin().has(name,EQUALS,Log.io (embedded)).as(default)"
    18,    168,     9.33, Hint.performParameterized
     1,      0,     0.00, "Query.fromType(org.jboss.windup.reporting.model.TechnologyTagModel).gremlin().has(name,EQUALS,TestNG (embedded)).as(default)"
     1,    550,   550.00, "FreeMarkerIterationOperation.render(/reports/templates/techReport-punchCard.ftl, techReport_punch.html)"
     1,    124,   124.00, "FreeMarkerIterationOperation.render(/reports/templates/source.ftl, bootstrap_min_css_map.html)"
     1,      0,     0.00, "Query.fromType(org.jboss.windup.reporting.model.TechnologyTagModel).gremlin().has(name,EQUALS,WS Metadata).as(default)"
     1,      0,     0.00, "Query.fromType(org.jboss.windup.reporting.model.TechnologyTagModel).gremlin().has(name,EQUALS,Weld (embedded)).as(default)"
     2,     98,    49.00, getEffortCountForProjectByIssueCategory
     1,      0,     0.00, "Query.fromType(org.jboss.windup.reporting.model.TechnologyTagModel).gremlin().has(name,EQUALS,SSL (embedded)).as(default)"
     1,     50,    50.00, "FreeMarkerIterationOperation.render(/reports/templates/source.ftl, bootstrap_select_js_map.2.html)"
     1,     92,    92.00, "FreeMarkerIterationOperation.render(/reports/templates/source.ftl, jquery_min_map.html)"
    71,    155,     2.18, TechnologyTag.performParameterized
     1,      1,     1.00, "Query.fromType(org.jboss.windup.reporting.model.TechnologyTagModel).gremlin().has(name,EQUALS,SQLite Driver).as(default)"
     1,      0,     0.00, Query.fromType(org.jboss.windup.rules.apps.javaee.model.EjbDeploymentDescriptorModel).as(default)
     1,      0,     0.00, "Query.fromType(org.jboss.windup.reporting.model.TechnologyTagModel).gremlin().has(name,EQUALS,3scale (embedded)).as(default)"
     1,      0,     0.00, "Query.fromType(org.jboss.windup.reporting.model.TechnologyTagModel).gremlin().has(name,EQUALS,Apache Aries (embedded)).as(default)"
     1,      0,     0.00, "Query.gremlin().has(referenceType,CONTAINS_ANY_TOKEN,[CONSTRUCTOR_CALL]).as(2be7c336-7f6b-454c-9381-984353d90804)"
     1,      1,     1.00, "Query.fromType(org.jboss.windup.reporting.model.TechnologyTagModel).gremlin().has(name,EQUALS,BeanInject (embedded)).as(default)"
     1,    429,   429.00, "FreeMarkerIterationOperation.render(/reports/templates/unparsable_files.ftl, Unparsable_coolstore_monolith.html)"
     1,      0,     0.00, "Query.fromType(org.jboss.windup.reporting.model.TechnologyTagModel).gremlin().has(name,EQUALS,Apache Commons Validator (embedded)).as(default)"
     1,      1,     1.00, "Query.fromType(org.jboss.windup.reporting.model.TechnologyTagModel).gremlin().has(name,EQUALS,MckoiSQLDB Driver).as(default)"
     1,      0,     0.00, "Query.fromType(org.jboss.windup.reporting.model.TechnologyTagModel).gremlin().has(name,EQUALS,Peaberry (embedded)).as(default)"
     1,      0,     0.00, "Query.fromType(org.jboss.windup.reporting.model.TechnologyTagModel).gremlin().has(name,EQUALS,SNMP4J (embedded)).as(default)"
     1,     51,    51.00, "FreeMarkerIterationOperation.render(/reports/templates/source.ftl, bootstrap_datepicker3_css_map.html)"
     1,     54,    54.00, "FreeMarkerIterationOperation.render(/reports/templates/source.ftl, bootstrap_datepicker3_standalone_css_map.html)"
     1,      0,     0.00, "Query.fromType(org.jboss.windup.reporting.model.TechnologyTagModel).gremlin().has(name,EQUALS,Kotlin Logging (embedded)).as(default)"
     1,      0,     0.00, "Query.fromType(org.jboss.windup.reporting.model.TechnologyTagModel).gremlin().has(name,EQUALS,Akka Testkit (embedded)).as(default)"
     1,    103,   103.00, "FreeMarkerIterationOperation.render(/reports/templates/dependency_report.ftl, dependency_report_coolstore_monolith.html)"
     1,      1,     1.00, "Query.fromType(org.jboss.windup.reporting.model.TechnologyTagModel).gremlin().has(name,EQUALS,Syringe (embedded)).as(default)"
     1,      1,     1.00, "Query.fromType(org.jboss.windup.reporting.model.TechnologyTagModel).gremlin().has(name,EQUALS,GIN (embedded)).as(default)"
     1,      1,     1.00, Query.as(431a3b5d-f320-44bb-ac87-f0ee2bf1a3bf)
     1,      0,     0.00, "Query.fromType(org.jboss.windup.reporting.model.TechnologyTagModel).gremlin().has(name,EQUALS,SwarmCache (embedded)).as(default)"
     1,      0,     0.00, "Query.fromType(org.jboss.windup.reporting.model.TechnologyTagModel).gremlin().has(name,EQUALS,Ignite JTA (embedded)).as(default)"
     1,      0,     0.00, "Query.fromType(org.jboss.windup.reporting.model.TechnologyTagModel).gremlin().has(name,EQUALS,JBoss Transactions (embedded)).as(default)"
     1,      1,     1.00, "Query.fromType(org.jboss.windup.reporting.model.TechnologyTagModel).gremlin().has(name,EQUALS,Hibernate Mapping).as(default)"
     1,      0,     0.00, "Query.fromType(org.jboss.windup.reporting.model.TechnologyTagModel).gremlin().has(name,EQUALS,Jetty (embedded)).as(default)"
     1,      0,     0.00, "Query.fromType(org.jboss.windup.reporting.model.TechnologyTagModel).gremlin().has(name,EQUALS,JMock (embedded)).as(default)"
     1,      0,     0.00, Query.fromType(org.jboss.windup.rules.apps.javaee.model.JPANamedQueryModel).as(default)
  2976,     83,     0.03, "FileService.createByFilePath(parentFile, filePath)"
     1,    121,   121.00, "FreeMarkerIterationOperation.render(/reports/templates/source.ftl, patternfly_css_map.html)"
     1,      0,     0.00, "Query.fromType(org.jboss.windup.reporting.model.TechnologyTagModel).gremlin().has(name,EQUALS,Oscache (embedded)).as(default)"
     1,    536,   536.00, "FreeMarkerIterationOperation.render(/reports/templates/source.ftl, StartupListener_java.html)"
     1,      1,     1.00, "Query.fromType(org.jboss.windup.reporting.model.TechnologyTagModel).gremlin().has(name,EQUALS,JUnit (embedded)).as(default)"
     1,      0,     0.00, "Query.fromType(org.jboss.windup.reporting.model.TechnologyTagModel).gremlin().has(name,EQUALS,WSO2 (embedded)).as(default)"
     1,      0,     0.00, "Query.fromType(org.jboss.windup.reporting.model.TechnologyTagModel).gremlin().has(name,EQUALS,Iroh (embedded)).as(default)"
     1,      0,     0.00, "Query.fromType(org.jboss.windup.reporting.model.TechnologyTagModel).gremlin().has(name,EQUALS,Apache Karaf (embedded)).as(default)"
     1,      0,     0.00, "Query.fromType(org.jboss.windup.reporting.model.TechnologyTagModel).gremlin().has(name,EQUALS,LiferayFaces (embedded)).as(default)"
     1,      0,     0.00, "Query.fromType(org.jboss.windup.reporting.model.TechnologyTagModel).gremlin().has(name,EQUALS,Snippetory Template Engine (embedded)).as(default)"
     1,      0,     0.00, Query.fromType(org.jboss.windup.rules.apps.javaee.model.RMIServiceModel).as(default)
     1,      0,     0.00, "Query.fromType(org.jboss.windup.reporting.model.TechnologyTagModel).gremlin().has(name,EQUALS,Apache Flume (embedded)).as(default)"
     1,      3,     3.00, "Query.fromType(org.jboss.windup.rules.apps.xml.model.XmlFileModel).gremlin().has(rootTagName,EQUALS,process-definition).as(default)"
     1,      0,     0.00, "Query.fromType(org.jboss.windup.reporting.model.TechnologyTagModel).gremlin().has(name,EQUALS,Orion EJB XML).as(default)"
     1,      3,     3.00, "Query.fromType(org.jboss.windup.rules.apps.xml.model.XmlFileModel).gremlin().has(fileName,EQUALS,ibm-webservices-bnd.xmi).has(rootTagName,EQUALS,WSBinding).as(default)"
     1,      2,     2.00, "Query.fromType(org.jboss.windup.rules.apps.xml.model.XmlFileModel).gremlin().has(rootTagName,EQUALS,ejb-jar).as(default)"
     1,      1,     1.00, "Query.fromType(org.jboss.windup.reporting.model.TechnologyTagModel).gremlin().has(name,EQUALS,Microsoft SQL Driver).as(default)"
     1,      0,     0.00, "Query.fromType(org.jboss.windup.reporting.model.TechnologyTagModel).gremlin().has(name,EQUALS,Vlad (embedded)).as(default)"
     4,      0,     0.00, GraphService.findAllByProperty(ClassificationModel-classification)
     7,      0,     0.00, iterableHasContent
     1,      0,     0.00, "Query.fromType(org.jboss.windup.reporting.model.TechnologyTagModel).gremlin().has(name,EQUALS,JBoss logging (embedded)).as(default)"
     1,      3,     3.00, "Query.fromType(org.jboss.windup.rules.apps.xml.model.XmlFileModel).gremlin().has(rootTagName,EQUALS,orion-web-app).as(default)"
     1,      0,     0.00, Query.fromType(org.jboss.windup.rules.apps.javaee.model.JNDIResourceModel).as(default)
     1,    422,   422.00, "FreeMarkerIterationOperation.render(/reports/templates/source.ftl, InventoryNotificationMDB_java.html)"
     1,      0,     0.00, "Query.fromType(org.jboss.windup.reporting.model.TechnologyTagModel).gremlin().has(name,EQUALS,Apache Tapestry (embedded)).as(default)"
     1,      0,     0.00, Query.gremlin()org.jboss.windup.rules.apps.java.condition.JavaClass$2@336aadd7.as(iqi.284a47d8-4c2a-4f3e-9bfc-d5cb304ef204)
     2,      1,     0.50, projectModelToOrganizations
     1,      0,     0.00, "Query.fromType(org.jboss.windup.reporting.model.TechnologyTagModel).gremlin().has(name,EQUALS,Morphia).as(default)"
     1,      0,     0.00, "Query.fromType(org.jboss.windup.reporting.model.TechnologyTagModel).gremlin().has(name,EQUALS,Infinispan (embedded)).as(default)"
     1,      0,     0.00, "Query.fromType(org.jboss.windup.reporting.model.TechnologyTagModel).gremlin().has(name,EQUALS,Clustering EJB).as(default)"
   484,    365,     0.75, GraphService.findAllByPropertyMatchingRegex(filePath)
     1,      0,     0.00, "Query.fromType(org.jboss.windup.reporting.model.TechnologyTagModel).gremlin().has(name,EQUALS,ICEfaces (embedded)).as(default)"
     1,      0,     0.00, "Query.fromType(org.jboss.windup.reporting.model.TechnologyTagModel).gremlin().has(name,EQUALS,Trunk JGuard (embedded)).as(default)"
     1,      6,     6.00, "Query.fromType(org.jboss.windup.rules.apps.xml.model.XmlFileModel).gremlin().has(fileName,EQUALS,ibm-web-bnd.xmi).as(default)"
     1,      0,     0.00, "Query.fromType(org.jboss.windup.reporting.model.TechnologyTagModel).gremlin().has(name,EQUALS,Kibana (embedded)).as(default)"
     1,     57,    57.00, "FreeMarkerIterationOperation.render(/reports/templates/source.ftl, angular_sanitize_min_js_map.html)"
     1,      0,     0.00, "Query.fromType(org.jboss.windup.reporting.model.TechnologyTagModel).gremlin().has(name,EQUALS,Trimou (embedded)).as(default)"
     1,      0,     0.00, "Query.fromType(org.jboss.windup.reporting.model.TechnologyTagModel).gremlin().has(name,EQUALS,Jcabi Log (embedded)).as(default)"
     1,      0,     0.00, "Query.fromType(org.jboss.windup.reporting.model.TechnologyTagModel).gremlin().has(name,EQUALS,Plexus Container (embedded)).as(default)"
     2,      1,     0.50, "Query.fromType(org.jboss.windup.reporting.model.TechnologyTagModel).gremlin().has(name,EQUALS,Liferay (embedded)).as(default)"
     1,      0,     0.00, "Query.fromType(org.jboss.windup.reporting.model.TechnologyTagModel).gremlin().has(name,EQUALS,EclipseLink (embedded)).as(default)"
     1,      2,     2.00, GraphService.findAllByProperty(sha1Hash)
     1,      4,     4.00, "Query.fromType(org.jboss.windup.rules.apps.xml.model.XmlFileModel).gremlin().has(rootTagName,EQUALS,jboss).has(fileName,EQUALS,jboss.xml).as(default)"
     1,      1,     1.00, "Query.fromType(org.jboss.windup.reporting.model.TechnologyTagModel).gremlin().has(name,EQUALS,PostgreSQL Driver).as(default)"
     1,      0,     0.00, "Query.fromType(org.jboss.windup.reporting.model.TechnologyTagModel).gremlin().has(name,EQUALS,Scalate (embedded)).as(default)"
     1,    327,   327.00, "FreeMarkerIterationOperation.render(/reports/templates/report_index.ftl, report_index_coolstore_monolith.html)"
     1,      0,     0.00, "Query.gremlin().has(referenceType,CONTAINS_ANY_TOKEN,[METHOD_CALL, CONSTRUCTOR_CALL]).as(4a0b6226-ba31-493d-bb07-1636c3cefd38)"
     1,      0,     0.00, "Query.fromType(org.jboss.windup.reporting.model.TechnologyTagModel).gremlin().has(name,EQUALS,OAUTH (embedded)).as(default)"
     1,      0,     0.00, "Query.gremlin().has(referenceType,CONTAINS_ANY_TOKEN,[ANNOTATION]).as(69c1058c-0d67-46ec-98ba-dd448a1afe76)"
     1,     51,    51.00, "FreeMarkerIterationOperation.render(/reports/templates/source.ftl, OrderEndpoint_java.html)"
     1,     53,    53.00, Query.fromType(org.jboss.windup.rules.apps.javaee.model.JsFileModel).as(default)
     1,     32,    32.00, "FreeMarkerIterationOperation.render(/reports/templates/source.ftl, bootstrap_datepicker3_min_css_map.html)"
     1,      0,     0.00, "Query.fromType(org.jboss.windup.reporting.model.TechnologyTagModel).gremlin().has(name,EQUALS,Amazon SQS Client (embedded)).as(default)"
     1,     17,    17.00, Query.fromType(org.jboss.windup.rules.apps.javaee.model.HtmlFileModel).as(default)
     1,      0,     0.00, "Query.fromType(org.jboss.windup.reporting.model.TechnologyTagModel).gremlin().has(name,EQUALS,Weka (embedded)).as(default)"
     1,      0,     0.00, "Query.fromType(org.jboss.windup.reporting.model.TechnologyTagModel).gremlin().has(name,EQUALS,OpenPojo (embedded)).as(default)"
     2,      0,     0.00, Query.fromType(org.jboss.windup.rules.apps.javaee.model.SpringBeanModel).as(default)
     1,      1,     1.00, "Query.fromType(org.jboss.windup.reporting.model.TechnologyTagModel).gremlin().has(name,EQUALS,Atomikos JTA (embedded)).as(default)"
     1,      0,     0.00, "Query.fromType(org.jboss.windup.reporting.model.TechnologyTagModel).gremlin().has(name,EQUALS,JPA Matchers (embedded)).as(default)"
     1,    402,   402.00, "FreeMarkerIterationOperation.render(/reports/templates/source.ftl, ShoppingCartService_java.html)"
     1,      0,     0.00, "Query.fromType(org.jboss.windup.reporting.model.TechnologyTagModel).gremlin().has(name,EQUALS,TieFaces (embedded)).as(default)"
     1,      1,     1.00, "Query.fromType(org.jboss.windup.reporting.model.TechnologyTagModel).gremlin().has(name,EQUALS,WebSphere EJB).as(default)"
     5,     23,     4.60, Query.fromType(org.jboss.windup.graph.model.WindupConfigurationModel).as(default)
     1,      0,     0.00, "Query.fromType(org.jboss.windup.rules.apps.java.model.JarArchiveModel).gremlin().has(fileName,REGEX,.*camel.*\.jar$).as(default)"
     1,     41,    41.00, "FreeMarkerIterationOperation.render(/reports/templates/source.ftl, MANIFEST_MF.3.html)"
     1,      0,     0.00, "Query.fromType(org.jboss.windup.reporting.model.TechnologyTagModel).gremlin().has(name,EQUALS,Apache Struts (embedded)).as(default)"
    22,      1,     0.05, getUniqueByName(qualifiedName)
     1,      0,     0.00, "Query.fromType(org.jboss.windup.reporting.model.TechnologyTagModel).gremlin().has(name,EQUALS,WSDL (embedded)).as(default)"
   122,     21,     0.17, getTechnologyTagsForFile
  2568,    186,     0.07, isReportableFile
     1,      0,     0.00, "Query.fromType(org.jboss.windup.reporting.model.TechnologyTagModel).gremlin().has(name,EQUALS,Scribe (embedded)).as(default)"
 28264,    181,     0.01, FilePathComparator
     2,     15,     7.50, Query.fromType(org.jboss.windup.rules.apps.javaee.model.EjbMessageDrivenModel).as(default)
     1,      0,     0.00, "Query.fromType(org.jboss.windup.reporting.model.TechnologyTagModel).gremlin().has(name,EQUALS,JSilver (embedded)).as(default)"
     1,      0,     0.00, "Query.fromType(org.jboss.windup.reporting.model.TechnologyTagModel).gremlin().has(name,EQUALS,Everit JTA (embedded)).as(default)"
     1,      0,     0.00, "Query.fromType(org.jboss.windup.reporting.model.TechnologyTagModel).gremlin().has(name,EQUALS,Spring Messaging Client (embedded)).as(default)"
     1,     73,    73.00, "FreeMarkerIterationOperation.render(/reports/templates/ejb.ftl, ejbreport_coolstore_monolith.html)"
     1,     18,    18.00, "Query.fromType(org.jboss.windup.rules.apps.java.model.JavaClassFileModel).gremlin().has(parseError,NOT_DEFINED,null).as(default)"
     1,      0,     0.00, "Query.fromType(org.jboss.windup.reporting.model.TechnologyTagModel).gremlin().has(name,EQUALS,ActiveMQ (embedded)).as(default)"
     1,      0,     0.00, "Query.fromType(org.jboss.windup.reporting.model.TechnologyTagModel).gremlin().has(name,EQUALS,Logging Utils (embedded)).as(default)"
     1,      0,     0.00, "Query.fromType(org.jboss.windup.reporting.model.TechnologyTagModel).gremlin().has(name,EQUALS,Ickenham (embedded)).as(default)"
     1,      1,     1.00, "Query.fromType(org.jboss.windup.reporting.model.TechnologyTagModel).gremlin().has(name,EQUALS,Jukito (embedded)).as(default)"
     1,      0,     0.00, "Query.gremlin().has(referenceType,CONTAINS_ANY_TOKEN,[ANNOTATION]).as(7776d4b6-a9df-4a72-838e-8ae568f78e67)"
     1,      0,     0.00, "Query.fromType(org.jboss.windup.reporting.model.TechnologyTagModel).gremlin().has(name,EQUALS,SAML (embedded)).as(default)"
     1,      0,     0.00, "Query.fromType(org.jboss.windup.reporting.model.TechnologyTagModel).gremlin().has(name,EQUALS,ButterFaces (embedded)).as(default)"
     1,      0,     0.00, "Query.fromType(org.jboss.windup.reporting.model.TechnologyTagModel).gremlin().has(name,EQUALS,Acegi Security (embedded)).as(default)"
     1,      0,     0.00, "Query.fromType(org.jboss.windup.reporting.model.TechnologyTagModel).gremlin().has(name,EQUALS,Memcached client (embedded)).as(default)"
     1,      0,     0.00, "Query.fromType(org.jboss.windup.reporting.model.TechnologyTagModel).gremlin().has(name,EQUALS,Resource Adapter (embedded)).as(default)"
   121,    369,     3.05, JavaClass.evaluate
     1,      0,     0.00, "Query.fromType(org.jboss.windup.reporting.model.TechnologyTagModel).gremlin().has(name,EQUALS,TensorFlow (embedded)).as(default)"
     1,      0,     0.00, "Query.fromType(org.jboss.windup.reporting.model.TechnologyTagModel).gremlin().has(name,EQUALS,DbUnit (embedded)).as(default)"
     1,      5,     5.00, "Query.fromType(org.jboss.windup.rules.apps.xml.model.XmlFileModel).gremlin().has(rootTagName,EQUALS,weblogic-ejb-jar).as(default)"
     1,      0,     0.00, "Query.fromType(org.jboss.windup.rules.apps.java.model.JarArchiveModel).gremlin().has(fileName,REGEX,.*drools.*\.jar$).as(default)"
     1,      0,     0.00, Query.fromType(org.jboss.windup.rules.apps.javaee.model.JaxWSWebServiceModel).as(default)
     1,      0,     0.00, "Query.fromType(org.jboss.windup.reporting.model.TechnologyTagModel).gremlin().has(name,EQUALS,JBoss Cache (embedded)).as(default)"
     1,      0,     0.00, "Query.fromType(org.jboss.windup.reporting.model.TechnologyTagModel).gremlin().has(name,EQUALS,Nuxeo JTA/JCA (embedded)).as(default)"
     2,      0,     0.00, Query.fromType(org.jboss.windup.rules.apps.javaee.model.JmsConnectionFactoryModel).as(default)
     1,      0,     0.00, "Query.fromType(org.jboss.windup.reporting.model.TechnologyTagModel).gremlin().has(name,EQUALS,Seam (embedded)).as(default)"
     1,      0,     0.00, "Query.fromType(org.jboss.windup.reporting.model.TechnologyTagModel).gremlin().has(name,EQUALS,FreeMarker (embedded)).as(default)"
     1,     39,    39.00, "FreeMarkerIterationOperation.render(/reports/templates/source.ftl, bootstrap_datepicker3_standalone_min_css_map.html)"
    31,    590,    19.03, XmlFile.evaluate
     1,      0,     0.00, "Query.fromType(org.jboss.windup.reporting.model.TechnologyTagModel).gremlin().has(name,EQUALS,Apache Accumulo Client).as(default)"
     1,      1,     1.00, "Query.fromType(org.jboss.windup.reporting.model.TechnologyTagModel).gremlin().has(name,EQUALS,JFunk (embedded)).as(default)"
    83,      2,     0.02, GraphService.addTypeToModel
     1,      0,     0.00, "Query.fromType(org.jboss.windup.reporting.model.TechnologyTagModel).gremlin().has(name,EQUALS,Airlift Log Manager (embedded)).as(default)"
     1,      0,     0.00, "Query.fromType(org.jboss.windup.reporting.model.TechnologyTagModel).gremlin().has(name,EQUALS,Apache Camel (embedded)).as(default)"
     1,      0,     0.00, "Query.fromType(org.jboss.windup.reporting.model.TechnologyTagModel).gremlin().has(name,EQUALS,HttpUnit (embedded)).as(default)"
     1,      1,     1.00, "Query.fromType(org.jboss.windup.reporting.model.TechnologyTagModel).gremlin().has(name,EQUALS,Concordion (embedded)).as(default)"
     1,    402,   402.00, "FreeMarkerIterationOperation.render(/reports/templates/source.ftl, pom_xml.html)"
     1,      0,     0.00, "Query.fromType(org.jboss.windup.reporting.model.TechnologyTagModel).gremlin().has(name,EQUALS,Spring Batch (embedded)).as(default)"
     1,   1248,  1248.00, AnalyzeJavaFilesRuleProvider.analyzeFile
     1,     57,    57.00, "FreeMarkerIterationOperation.render(/reports/templates/source.ftl, CatalogService_java.html)"
     1,      0,     0.00, "Query.gremlin().has(referenceType,CONTAINS_ANY_TOKEN,[IMPORT]).as(c426da1e-fe6e-42d8-b62d-43087926d721)"
     1,      0,     0.00, "Query.fromType(org.jboss.windup.reporting.model.TechnologyTagModel).gremlin().has(name,EQUALS,Hdiv (embedded)).as(default)"
     1,      0,     0.00, "Query.fromType(org.jboss.windup.reporting.model.TechnologyTagModel).gremlin().has(name,EQUALS,HSQLDB Driver).as(default)"
     1,      0,     0.00, "Query.fromType(org.jboss.windup.reporting.model.TechnologyTagModel).gremlin().has(name,EQUALS,Water Template Engine (embedded)).as(default)"
     1,      0,     0.00, "Query.fromType(org.jboss.windup.reporting.model.TechnologyTagModel).gremlin().has(name,EQUALS,Thymeleaf (embedded)).as(default)"
     1,      1,     1.00, "Query.fromType(org.jboss.windup.reporting.model.TechnologyTagModel).gremlin().has(name,EQUALS,Airframe (embedded)).as(default)"
     1,     47,    47.00, "FreeMarkerIterationOperation.render(/reports/templates/source.ftl, pom_properties.html)"
     1,      0,     0.00, "Query.gremlin().has(referenceType,CONTAINS_ANY_TOKEN,[ANNOTATION]).as(dc45c21f-92d3-4a29-8369-65c1d2fc618b)"
     1,      0,     0.00, "Query.gremlin().has(referenceType,CONTAINS_ANY_TOKEN,[IMPLEMENTS_TYPE]).as(2e660086-bc63-43f9-ad47-e8caddfe178b)"
     1,      0,     0.00, "Query.fromType(org.jboss.windup.reporting.model.TechnologyTagModel).gremlin().has(name,EQUALS,Ikasan (embedded)).as(default)"
     1,    515,   515.00, "FreeMarkerIterationOperation.render(/reports/templates/remote.ftl, remotereport_coolstore_monolith.html)"
     1,      1,     1.00, "Query.fromType(org.jboss.windup.reporting.model.TechnologyTagModel).gremlin().has(name,EQUALS,Cassandra Client).as(default)"
     1,      0,     0.00, "Query.fromType(org.jboss.windup.reporting.model.TechnologyTagModel).gremlin().has(name,EQUALS,Hazelcast (embedded)).as(default)"
     1,      0,     0.00, "Query.fromType(org.jboss.windup.reporting.model.TechnologyTagModel).gremlin().has(name,EQUALS,Bouncy Castle (embedded)).as(default)"
     1,      0,     0.00, "Query.fromType(org.jboss.windup.reporting.model.TechnologyTagModel).gremlin().has(name,EQUALS,OpenFaces (embedded)).as(default)"
     1,      2,     2.00, "Query.fromType(org.jboss.windup.rules.apps.xml.model.XmlFileModel).gremlin().has(rootTagName,EQUALS,beans).as(default)"
   104,      5,     0.05, getTagsFromFileClassificationsAndHints
     1,      1,     1.00, "Query.fromType(org.jboss.windup.reporting.model.TechnologyTagModel).gremlin().has(name,EQUALS,Macros (embedded)).as(default)"
     1,   1974,  1974.00, "FreeMarkerIterationOperation.render(/reports/templates/java_application.ftl, ApplicationDetails_coolstore_monolith.html)"
     1,      0,     0.00, Query.fromType(org.jboss.windup.rules.apps.javaee.model.ThreadPoolModel).as(default)
     1,      0,     0.00, Query.as(ef1817e9-0f86-4fa8-a1f0-d0907678ba32)
     1,    820,   820.00, "FreeMarkerIterationOperation.render(/reports/templates/application_list.ftl, ../index.html)"
     1,      0,     0.00, "Query.fromType(org.jboss.windup.reporting.model.TechnologyTagModel).gremlin().has(name,EQUALS,Logging to file system).as(default)"
     1,      0,     0.00, "Query.fromType(org.jboss.windup.reporting.model.TechnologyTagModel).gremlin().has(name,EQUALS,Jasypt (embedded)).as(default)"
    52,      1,     0.02, projectModelToApplicationIndex
     6,      1,     0.17, sortProjectTraversalsByPathAscending
     1,    362,   362.00, "Query.fromType(org.jboss.windup.graph.model.resource.FileModel).gremlin().has(isDirectory,EQUALS,false).has(filePath,REGEX,.*\.properties$).as(default)"
     1,      0,     0.00, Query.fromType(org.jboss.windup.reporting.model.TechnologyUsageStatisticsModel).as(default)
     1,      0,     0.00, "Query.fromType(org.jboss.windup.reporting.model.TechnologyTagModel).gremlin().has(name,EQUALS,HighFaces (embedded)).as(default)"
     1,      6,     6.00, "Query.fromType(org.jboss.windup.rules.apps.xml.model.XmlFileModel).gremlin().has(rootTagName,EQUALS,jboss-web).as(default)"
     1,      0,     0.00, "Query.fromType(org.jboss.windup.reporting.model.TechnologyTagModel).gremlin().has(name,EQUALS,JPA XML).as(default)"
     1,      0,     0.00, "Query.fromType(org.jboss.windup.reporting.model.TechnologyTagModel).gremlin().has(name,EQUALS,OW2 Log Util (embedded)).as(default)"
     1,      0,     0.00, "Query.fromType(org.jboss.windup.reporting.model.TechnologyTagModel).gremlin().has(name,EQUALS,HTTP Client (embedded)).as(default)"
    64,      1,     0.02, JavaClassService.resolveByQualifiedName(qualifiedClassName)
     1,      3,     3.00, GraphService.findAllWithoutProperty(skipDecompilation)
     1,      0,     0.00, "Query.fromType(org.jboss.windup.reporting.model.TechnologyTagModel).gremlin().has(name,EQUALS,Apiman (embedded)).as(default)"
     1,      0,     0.00, "Query.fromType(org.jboss.windup.reporting.model.TechnologyTagModel).gremlin().has(name,EQUALS,Talend ESB (embedded)).as(default)"
     1,      0,     0.00, "Query.fromType(org.jboss.windup.reporting.model.TechnologyTagModel).gremlin().has(name,EQUALS,Apache Mahout (embedded)).as(default)"
     1,      1,     1.00, "Query.fromType(org.jboss.windup.reporting.model.TechnologyTagModel).gremlin().has(name,EQUALS,WebLogic Web XML).as(default)"
     1,      1,     1.00, "Query.fromType(org.jboss.windup.reporting.model.TechnologyTagModel).gremlin().has(name,EQUALS,WebSphere EJB Ext).as(default)"
     1,      0,     0.00, "Query.fromType(org.jboss.windup.reporting.model.TechnologyTagModel).gremlin().has(name,EQUALS,Cache API (embedded)).as(default)"
    81,      2,     0.02, iterableToList
     1,     15,    15.00, "Query.gremlin().has(referenceType,CONTAINS_ANY_TOKEN,[IMPLEMENTS_TYPE, INHERITANCE, IMPORT]).as(4f9f3c89-3986-47c0-9d6b-084e3395c32b)"
     1,      0,     0.00, "Query.fromType(org.jboss.windup.reporting.model.TechnologyTagModel).gremlin().has(name,EQUALS,Twitter Util Logging (embedded)).as(default)"
     1,      0,     0.00, "Query.fromType(org.jboss.windup.reporting.model.TechnologyTagModel).gremlin().has(name,EQUALS,JCunit (embedded)).as(default)"
     1,      0,     0.00, "Query.fromType(org.jboss.windup.reporting.model.TechnologyTagModel).gremlin().has(name,EQUALS,Java EE JSON-P).as(default)"
     1,      0,     0.00, Query.as(dd04e64a-40a7-4537-a3b2-6a63349ff5b7)
     1,      3,     3.00, "Query.fromType(org.jboss.windup.rules.apps.xml.model.XmlFileModel).gremlin().has(fileName,EQUALS,ibm-webservices-ext.xmi).has(rootTagName,EQUALS,WsExtension).as(default)"
     1,      0,     0.00, "Query.fromType(org.jboss.windup.reporting.model.TechnologyTagModel).gremlin().has(name,EQUALS,AcrIS Security (embedded)).as(default)"
     1,      0,     0.00, "Query.fromType(org.jboss.windup.reporting.model.TechnologyTagModel).gremlin().has(name,EQUALS,SubCut (embedded)).as(default)"
     1,      0,     0.00, "Query.fromType(org.jboss.windup.reporting.model.TechnologyTagModel).gremlin().has(name,EQUALS,Mockito (embedded)).as(default)"
     1,      0,     0.00, "Query.fromType(org.jboss.windup.rules.apps.javaee.model.JmsDestinationModel).gremlin().has(destinationType,EQUALS,TOPIC).as(default)"
     1,     50,    50.00, "FreeMarkerIterationOperation.render(/reports/templates/source.ftl, OrderService_java.html)"
     1,      0,     0.00, "Query.fromType(org.jboss.windup.reporting.model.TechnologyTagModel).gremlin().has(name,EQUALS,WebSphere Web XML).as(default)"
     1,     41,    41.00, "FreeMarkerIterationOperation.render(/reports/templates/source.ftl, angular_route_min_js_map.html)"
     1,      0,     0.00, "Query.fromType(org.jboss.windup.reporting.model.TechnologyTagModel).gremlin().has(name,EQUALS,Apache Synapse (embedded)).as(default)"
     1,      0,     0.00, "Query.fromType(org.jboss.windup.reporting.model.TechnologyTagModel).gremlin().has(name,EQUALS,CDI (embedded)).as(default)"
     1,     24,    24.00, Query.fromType(org.jboss.windup.rules.apps.javaee.model.JPAEntityModel).as(default)
     1,      0,     0.00, "Query.fromType(org.jboss.windup.reporting.model.TechnologyTagModel).gremlin().has(name,EQUALS,Apache Hadoop (embedded)).as(default)"
     6,     57,     9.50, getEffortDetailsForProjectTraversal
     1,      2,     2.00, Query.fromType(org.jboss.windup.graph.model.WindupConfigurationModel).gremlin()org.jboss.windup.rules.apps.java.scan.provider.DiscoverFilesAndTypesRuleProvider$$Lambda$401/0x00000008007d7840@ff75e38.as(default)
     1,      0,     0.00, "Query.fromType(org.jboss.windup.reporting.model.TechnologyTagModel).gremlin().has(name,EQUALS,Bean Validation).as(default)"
     1,      0,     0.00, "Query.fromType(org.jboss.windup.reporting.model.TechnologyTagModel).gremlin().has(name,EQUALS,Camel Messaging Client (embedded)).as(default)"
  1072,      2,     0.00, TypeInterestFactory.matchesAny(text).cacheCheck
     1,      4,     4.00, Query.fromType(org.jboss.windup.graph.model.ArchiveModel).gremlin()org.jboss.windup.config.query.Query$1@5035a084.as(default)
     1,      0,     0.00, "Query.fromType(org.jboss.windup.reporting.model.TechnologyTagModel).gremlin().has(name,EQUALS,Apache Commons Logging (embedded)).as(default)"
     1,      0,     0.00, Query.fromType(org.jboss.windup.rules.apps.javaee.model.Jbpm3ProcessModel).as(default)
     1,   1186,  1186.00, AnalyzeJavaFilesRuleProvider.parseFiles
     1,     71,    71.00, "FreeMarkerIterationOperation.render(/reports/templates/source.ftl, CatalogItemEntity_java.html)"
     1,      0,     0.00, "Query.fromType(org.jboss.windup.reporting.model.TechnologyTagModel).gremlin().has(name,EQUALS,Javax Inject (embedded)).as(default)"
     1,      0,     0.00, "Query.fromType(org.jboss.windup.reporting.model.TechnologyTagModel).gremlin().has(name,EQUALS,MultithreadedTC (embedded)).as(default)"
     9,      0,     0.00, getProjectTraversal
     1,      0,     0.00, "Query.fromType(org.jboss.windup.reporting.model.TechnologyTagModel).gremlin().has(name,EQUALS,GWT (embedded)).as(default)"
     1,      0,     0.00, "Query.fromType(org.jboss.windup.reporting.model.TechnologyTagModel).gremlin().has(name,EQUALS,Coherence (embedded)).as(default)"
     1,     12,    12.00, "FreeMarkerIterationOperation.render(/reports/templates/jboss/jboss-web.ftl, coolstore_monolith/jboss-web.xml)"
     1,      0,     0.00, "Query.fromType(org.jboss.windup.reporting.model.TechnologyTagModel).gremlin().has(name,EQUALS,Oracle Forms (embedded)).as(default)"
     1,      0,     0.00, "Query.fromType(org.jboss.windup.reporting.model.TechnologyTagModel).gremlin().has(name,EQUALS,Grails (embedded)).as(default)"
     1,      0,     0.00, "Query.fromType(org.jboss.windup.reporting.model.TechnologyTagModel).gremlin().has(name,EQUALS,NLOG4J (embedded)).as(default)"
     1,      0,     0.00, "Query.fromType(org.jboss.windup.reporting.model.TechnologyTagModel).gremlin().has(name,EQUALS,Stripes (embedded)).as(default)"
     1,      0,     0.00, "Query.fromType(org.jboss.windup.reporting.model.TechnologyTagModel).gremlin().has(name,EQUALS,Play Test (embedded)).as(default)"
     1,      0,     0.00, "Query.fromType(org.jboss.windup.reporting.model.TechnologyTagModel).gremlin().has(name,EQUALS,Hamcrest (embedded)).as(default)"
     1,      0,     0.00, "Query.fromType(org.jboss.windup.reporting.model.TechnologyTagModel).gremlin().has(name,EQUALS,Pega (embedded)).as(default)"
     1,      0,     0.00, "Query.fromType(org.jboss.windup.reporting.model.TechnologyTagModel).gremlin().has(name,EQUALS,Spring Test (embedded)).as(default)"
     1,      4,     4.00, "Query.fromType(org.jboss.windup.graph.model.resource.FileModel).gremlin().has(isDirectory,EQUALS,false).has(filePath,REGEX,.+\.\b(|zip|rar|sar|ear|war|jar)\b$).as(default)"
     1,      0,     0.00, "Query.fromType(org.jboss.windup.reporting.model.TechnologyTagModel).gremlin().has(name,EQUALS,AngularFaces (embedded)).as(default)"
     1,      0,     0.00, "Query.gremlin().has(referenceType,CONTAINS_ANY_TOKEN,[IMPLEMENTS_TYPE, INHERITANCE]).as(9169a6fa-10f4-4d42-bd9a-32848ff519ef)"
     1,      0,     0.00, "Query.fromType(org.jboss.windup.reporting.model.TechnologyTagModel).gremlin().has(name,EQUALS,WebSphere WS Binding).as(default)"
     1,      0,     0.00, Query.fromType(org.jboss.windup.graph.model.resource.ReportResourceFileModel).as(default)
     1,      0,     0.00, isFileADirectory
     2,      1,     0.50, Query.fromType(org.jboss.windup.rules.apps.javaee.model.WebXmlModel).as(default)
     1,      0,     0.00, "Query.fromType(org.jboss.windup.reporting.model.TechnologyTagModel).gremlin().has(name,EQUALS,ANTLR StringTemplate (embedded)).as(default)"
   128,     33,     0.26, isTagUnderTag
     1,      1,     1.00, "Query.fromType(org.jboss.windup.reporting.model.TechnologyTagModel).gremlin().has(name,EQUALS,Twirl (embedded)).as(default)"
     1,      0,     0.00, "Query.fromType(org.jboss.windup.reporting.model.TechnologyTagModel).gremlin().has(name,EQUALS,Lift JTA (embedded)).as(default)"
     1,      0,     0.00, Query.fromType(org.jboss.windup.rules.apps.javaee.model.EjbEntityBeanModel).as(default)
     1,      1,     1.00, "Query.fromType(org.jboss.windup.reporting.model.TechnologyTagModel).gremlin().has(name,EQUALS,OTR4J (embedded)).as(default)"
     1,      0,     0.00, "Query.fromType(org.jboss.windup.reporting.model.TechnologyTagModel).gremlin().has(name,EQUALS,Log4s (embedded)).as(default)"
     6,    285,    47.50, "TypeReferenceService.getPackageUseFrequencies(data,projectModel,nameDepth,recursive)"
     1,      0,     0.00, "Query.fromType(org.jboss.windup.reporting.model.TechnologyTagModel).gremlin().has(name,EQUALS,BabbageFaces (embedded)).as(default)"
     1,      0,     0.00, "Query.fromType(org.jboss.windup.reporting.model.TechnologyTagModel).gremlin().has(name,EQUALS,JBPM (embedded)).as(default)"
     1,      0,     0.00, "Query.fromType(org.jboss.windup.reporting.model.TechnologyTagModel).gremlin().has(name,EQUALS,UberFire (embedded)).as(default)"
     2,    730,   365.00, sortFilesByPathAscending
     1,      1,     1.00, "Query.fromType(org.jboss.windup.reporting.model.TechnologyTagModel).gremlin().has(name,EQUALS,Needle (embedded)).as(default)"
     1,      0,     0.00, "Query.fromType(org.jboss.windup.reporting.model.TechnologyTagModel).gremlin().has(name,EQUALS,AKKA JTA (embedded)).as(default)"
     1,      0,     0.00, "Query.fromType(org.jboss.windup.reporting.model.TechnologyTagModel).gremlin().has(name,EQUALS,Blaze (embedded)).as(default)"
     1,     17,    17.00, "Query.fromType(org.jboss.windup.reporting.model.ReportModel).gremlin().has(templateType,EQUALS,FREEMARKER).as(default)"
  3908,      9,     0.00, GraphService.create
     3,      0,     0.00, projectModelToSha1
     1,      0,     0.00, "Query.fromType(org.jboss.windup.reporting.model.TechnologyTagModel).gremlin().has(name,EQUALS,Apache Commons JCS (embedded)).as(default)"
